Time, Pressure, System State, Alarm State
1588809554250, 9120281, 7, 0
1588809554500, 9119097, 7, 0
1588809554750, 9120266, 7, 0
1588809555000, 9119630, 7, 0
1588809555250, 9118556, 7, 0
1588809555500, 9119597, 7, 0
1588809555750, 9120073, 7, 0
1588809556000, 9119779, 7, 0
1588809556250, 9119710, 7, 0
1588809556500, 9119161, 7, 0
1588809556750, 9120182, 7, 0
1588809557000, 9119159, 7, 0
1588809557250, 9118178, 7, 0
1588809557500, 9117285, 7, 0
1588809557750, 9116707, 7, 0
1588809558000, 9117716, 7, 0
1588809558250, 9118160, 7, 0
1588809558500, 9119227, 7, 0
1588809558750, 9119294, 7, 0
1588809559000, 9118563, 7, 0
1588809559250, 9117932, 7, 0
1588809559500, 9118943, 7, 0
1588809559750, 9118335, 7, 0
1588809560000, 9118278, 7, 0
1588809560250, 9117154, 7, 0
1588809560500, 9116928, 7, 0
1588809560750, 9117277, 7, 0
1588809561000, 9117309, 7, 0
1588809561250, 9117784, 7, 0
1588809561500, 9117878, 7, 0
1588809561750, 9117757, 7, 0
1588809562000, 9118062, 7, 0
1588809562250, 9118172, 7, 0
1588809562500, 9118019, 7, 0
1588809562750, 9118452, 7, 0
1588809563000, 9118252, 7, 0
1588809563250, 9117503, 7, 0
1588809563500, 9117211, 7, 0
1588809563750, 9117918, 7, 0
1588809564000, 9118301, 7, 0
1588809564250, 9118661, 7, 0
1588809564500, 9118752, 7, 0
1588809564750, 9118876, 7, 0
1588809565000, 9119019, 7, 0
1588809565250, 9119417, 7, 0
1588809565500, 9120163, 7, 0
1588809565750, 9120115, 7, 0
1588809566000, 9119756, 7, 0
1588809566250, 9120369, 7, 0
1588809566500, 9121152, 7, 0
1588809566750, 9120826, 7, 0
1588809567000, 9121572, 7, 0
1588809567250, 9122166, 7, 0
1588809567500, 9122432, 7, 0
1588809567750, 9121484, 7, 0
1588809568000, 9121718, 7, 0
1588809568250, 9122523, 7, 0
1588809568500, 9122688, 7, 0
1588809568750, 9121753, 7, 0
1588809569000, 9121396, 7, 0
1588809569250, 9120454, 7, 0
1588809569500, 9120163, 7, 0
1588809569750, 9121311, 7, 0
1588809570000, 9121244, 7, 0
1588809570250, 9121564, 7, 0
1588809570500, 9121508, 7, 0
1588809570750, 9122441, 7, 0
1588809571000, 9123213, 7, 0
1588809571250, 9123629, 7, 0
1588809571500, 9123632, 7, 0
1588809571750, 9123586, 7, 0
1588809572000, 9123161, 7, 0
1588809572250, 9124019, 7, 0
1588809572500, 9124861, 7, 0
1588809572750, 9125344, 7, 0
1588809573000, 9125399, 7, 0
1588809573250, 9125786, 7, 0
1588809573500, 9126985, 7, 0
1588809573750, 9127446, 7, 0
1588809574000, 9126809, 7, 0
1588809574250, 9127590, 7, 0
1588809574500, 9126524, 7, 0
1588809574750, 9127397, 7, 0
1588809575000, 9127135, 7, 0
1588809575250, 9127100, 7, 0
1588809575500, 9128225, 7, 0
1588809575750, 9129397, 7, 0
1588809576000, 9128966, 7, 0
1588809576250, 9128619, 7, 0
1588809576500, 9129621, 7, 0
1588809576750, 9130033, 7, 0
1588809577000, 9129945, 7, 0
1588809577250, 9129019, 7, 0
1588809577500, 9128942, 7, 0
1588809577750, 9129551, 7, 0
1588809578000, 9130145, 7, 0
1588809578250, 9131212, 7, 0
1588809578500, 9131117, 7, 0
1588809578750, 9131282, 7, 0
1588809579000, 9131564, 7, 0
1588809579250, 9132237, 7, 0
1588809579500, 9133120, 7, 0
1588809579750, 9133742, 7, 0
1588809580000, 9134072, 7, 0
1588809580250, 9134596, 7, 0
1588809580500, 9134064, 7, 0
1588809580750, 9133249, 7, 0
1588809581000, 9132524, 7, 0
1588809581250, 9131990, 7, 0
1588809581500, 9132836, 7, 0
1588809581750, 9132238, 7, 0
1588809582000, 9133249, 7, 0
1588809582250, 9133793, 7, 0
1588809582500, 9132868, 7, 0
1588809582750, 9132417, 7, 0
1588809583000, 9131725, 7, 0
1588809583250, 9132689, 7, 0
1588809583500, 9131773, 7, 0
1588809583750, 9131414, 7, 0
1588809584000, 9130831, 7, 0
1588809584250, 9131681, 7, 0
1588809584500, 9130533, 7, 0
1588809584750, 9130626, 7, 0
1588809585000, 9131750, 7, 0
1588809585250, 9131289, 7, 0
1588809585500, 9130354, 7, 0
1588809585750, 9130872, 7, 0
1588809586000, 9129841, 7, 0
1588809586250, 9130011, 7, 0
1588809586500, 9129057, 7, 0
1588809586750, 9129073, 7, 0
1588809587000, 9128715, 7, 0
1588809587250, 9129409, 7, 0
1588809587500, 9128410, 7, 0
1588809587750, 9129583, 7, 0
1588809588000, 9129164, 7, 0
1588809588250, 9128833, 7, 0
1588809588500, 9129955, 7, 0
1588809588750, 9129575, 7, 0
1588809589000, 9129910, 7, 0
1588809589250, 9130241, 7, 0
1588809589500, 9130464, 7, 0
1588809589750, 9130609, 7, 0
1588809590000, 9130283, 7, 0
1588809590250, 9130781, 7, 0
1588809590500, 9131239, 7, 0
1588809590750, 9130986, 7, 0
1588809591000, 9130811, 7, 0
1588809591250, 9131118, 7, 0
1588809591500, 9131706, 7, 0
1588809591750, 9131712, 7, 0
1588809592000, 9131668, 7, 0
1588809592250, 9131873, 7, 0
1588809592500, 9130771, 7, 0
1588809592750, 9130215, 7, 0
1588809593000, 9130723, 7, 0
1588809593250, 9129886, 7, 0
1588809593500, 9130612, 7, 0
1588809593750, 9131290, 7, 0
1588809594000, 9131824, 7, 0
1588809594250, 9132796, 7, 0
1588809594500, 9132289, 7, 0
1588809594750, 9133229, 7, 0
1588809595000, 9133258, 7, 0
1588809595250, 9132952, 7, 0
1588809595500, 9133864, 7, 0
1588809595750, 9134675, 7, 0
1588809596000, 9134802, 7, 0
1588809596250, 9135199, 7, 0
1588809596500, 9134429, 7, 0
1588809596750, 9133690, 7, 0
1588809597000, 9133217, 7, 0
1588809597250, 9133434, 7, 0
1588809597500, 9133604, 7, 0
1588809597750, 9133570, 7, 0
1588809598000, 9133084, 7, 0
1588809598250, 9132076, 7, 0
1588809598500, 9132989, 7, 0
1588809598750, 9133093, 7, 0
1588809599000, 9133592, 7, 0
1588809599250, 9133456, 7, 0
1588809599500, 9132365, 7, 0
1588809599750, 9131619, 7, 0
1588809600000, 9132452, 7, 0
1588809600250, 9133425, 7, 0
1588809600500, 9133323, 7, 0
1588809600750, 9133464, 7, 0
1588809601000, 9132399, 7, 0
1588809601250, 9131822, 7, 0
1588809601500, 9131004, 7, 0
1588809601750, 9131237, 7, 0
1588809602000, 9132397, 7, 0
1588809602250, 9132272, 7, 0
1588809602500, 9131809, 7, 0
1588809602750, 9131361, 7, 0
1588809603000, 9131694, 7, 0
1588809603250, 9130506, 7, 0
1588809603500, 9129668, 7, 0
1588809603750, 9128927, 7, 0
1588809604000, 9129337, 7, 0
1588809604250, 9128494, 7, 0
1588809604500, 9127778, 7, 0
1588809604750, 9128479, 7, 0
1588809605000, 9129053, 7, 0
1588809605250, 9129271, 7, 0
1588809605500, 9128737, 7, 0
1588809605750, 9129590, 7, 0
1588809606000, 9130000, 7, 0
1588809606250, 9131143, 7, 0
1588809606500, 9130463, 7, 0
1588809606750, 9130171, 7, 0
1588809607000, 9129542, 7, 0
1588809607250, 9128971, 7, 0
1588809607500, 9128698, 7, 0
1588809607750, 9127701, 7, 0
1588809608000, 9126902, 7, 0
1588809608250, 9127291, 7, 0
1588809608500, 9127199, 7, 0
1588809608750, 9126100, 7, 0
1588809609000, 9126677, 7, 0
1588809609250, 9126967, 7, 0
1588809609500, 9126865, 7, 0
1588809609750, 9126965, 7, 0
1588809610000, 9125929, 7, 0
1588809610250, 9126564, 7, 0
1588809610500, 9127416, 7, 0
1588809610750, 9127477, 7, 0
1588809611000, 9128125, 7, 0
1588809611250, 9128904, 7, 0
1588809611500, 9128988, 7, 0
1588809611750, 9128409, 7, 0
1588809612000, 9129109, 7, 0
1588809612250, 9129241, 7, 0
1588809612500, 9128162, 7, 0
1588809612750, 9127799, 7, 0
1588809613000, 9126949, 7, 0
1588809613250, 9126537, 7, 0
1588809613500, 9125826, 7, 0
1588809613750, 9126150, 7, 0
1588809614000, 9125244, 7, 0
1588809614250, 9124617, 7, 0
1588809614500, 9125414, 7, 0
1588809614750, 9125079, 7, 0
1588809615000, 9124646, 7, 0
1588809615250, 9123969, 7, 0
1588809615500, 9123402, 7, 0
1588809615750, 9123370, 7, 0
1588809616000, 9123846, 7, 0
1588809616250, 9124387, 7, 0
1588809616500, 9124020, 7, 0
1588809616750, 9123872, 7, 0
1588809617000, 9123503, 7, 0
1588809617250, 9123799, 7, 0
1588809617500, 9124951, 7, 0
1588809617750, 9124310, 7, 0
1588809618000, 9124040, 7, 0
1588809618250, 9124844, 7, 0
1588809618500, 9125029, 7, 0
1588809618750, 9126171, 7, 0
1588809619000, 9126117, 7, 0
1588809619250, 9125185, 7, 0
1588809619500, 9124547, 7, 0
1588809619750, 9123992, 7, 0
1588809620000, 9123957, 7, 0
1588809620250, 9123441, 7, 0
1588809620500, 9123723, 7, 0
1588809620750, 9124038, 7, 0
1588809621000, 9123874, 7, 0
1588809621250, 9124210, 7, 0
1588809621500, 9123212, 7, 0
1588809621750, 9123342, 7, 0
1588809622000, 9124251, 7, 0
1588809622250, 9125250, 7, 0
1588809622500, 9125810, 7, 0
1588809622750, 9125085, 7, 0
1588809623000, 9126171, 7, 0
1588809623250, 9127364, 7, 0
1588809623500, 9127372, 7, 0
1588809623750, 9127734, 7, 0
1588809624000, 9127831, 7, 0
1588809624250, 9128236, 7, 0
1588809624500, 9129214, 7, 0
1588809624750, 9130142, 7, 0
1588809625000, 9129642, 7, 0
1588809625250, 9130136, 7, 0
1588809625500, 9131188, 7, 0
1588809625750, 9131619, 7, 0
1588809626000, 9131716, 7, 0
1588809626250, 9131752, 7, 0
1588809626500, 9131688, 7, 0
1588809626750, 9132495, 7, 0
1588809627000, 9132363, 7, 0
1588809627250, 9132862, 7, 0
1588809627500, 9131913, 7, 0
1588809627750, 9132946, 7, 0
1588809628000, 9134129, 7, 0
1588809628250, 9134662, 7, 0
1588809628500, 9134373, 7, 0
1588809628750, 9133755, 7, 0
1588809629000, 9132987, 7, 0
1588809629250, 9132901, 7, 0
1588809629500, 9133177, 7, 0
1588809629750, 9132118, 7, 0
1588809630000, 9131394, 7, 0
1588809630250, 9131029, 7, 0
1588809630500, 9130009, 7, 0
1588809630750, 9131136, 7, 0
1588809631000, 9130327, 7, 0
1588809631250, 9130515, 7, 0
1588809631500, 9130367, 7, 0
1588809631750, 9130856, 7, 0
1588809632000, 9130249, 7, 0
1588809632250, 9129878, 7, 0
1588809632500, 9129658, 7, 0
1588809632750, 9129315, 7, 0
1588809633000, 9128237, 7, 0
1588809633250, 9127432, 7, 0
1588809633500, 9128284, 7, 0
1588809633750, 9128067, 7, 0
1588809634000, 9128498, 7, 0
1588809634250, 9128086, 7, 0
1588809634500, 9127475, 7, 0
1588809634750, 9126574, 7, 0
1588809635000, 9125460, 7, 0
1588809635250, 9124664, 7, 0
1588809635500, 9123595, 7, 0
1588809635750, 9124428, 7, 0
1588809636000, 9125366, 7, 0
1588809636250, 9125209, 7, 0
1588809636500, 9124223, 7, 0
1588809636750, 9123192, 7, 0
1588809637000, 9123713, 7, 0
1588809637250, 9124203, 7, 0
1588809637500, 9125278, 7, 0
1588809637750, 9126275, 7, 0
1588809638000, 9127165, 7, 0
1588809638250, 9126020, 7, 0
1588809638500, 9126943, 7, 0
1588809638750, 9125823, 7, 0
1588809639000, 9125630, 7, 0
1588809639250, 9125204, 7, 0
1588809639500, 9125337, 7, 0
1588809639750, 9125301, 7, 0
1588809640000, 9125269, 7, 0
1588809640250, 9125947, 7, 0
1588809640500, 9126769, 7, 0
1588809640750, 9126859, 7, 0
1588809641000, 9127932, 7, 0
1588809641250, 9128405, 7, 0
1588809641500, 9130261, 13, 0
1588809641750, 9131354, 13, 0
1588809642000, 9131446, 13, 0
1588809642250, 9131511, 13, 0
1588809642500, 9132488, 13, 0
1588809642750, 9132687, 13, 0
1588809643000, 9133178, 13, 0
1588809643250, 9134307, 13, 0
1588809643500, 9136124, 13, 0
1588809643750, 9138338, 13, 0
1588809644000, 9140095, 13, 0
1588809644250, 9142148, 13, 0
1588809644500, 9144117, 13, 0
1588809644750, 9145216, 13, 0
1588809645000, 9146144, 13, 0
1588809645250, 9147573, 13, 0
1588809645500, 9148055, 13, 0
1588809645750, 9148694, 13, 0
1588809646000, 9150200, 13, 0
1588809646250, 9152391, 13, 0
1588809646500, 9153132, 13, 0
1588809646750, 9155232, 13, 0
1588809647000, 9157784, 13, 0
1588809647250, 9159445, 13, 0
1588809647500, 9160331, 13, 0
1588809647750, 9161672, 13, 0
1588809648000, 9162833, 13, 0
1588809648250, 9163362, 13, 0
1588809648500, 9165580, 13, 0
1588809648750, 9166199, 13, 0
1588809649000, 9167988, 13, 0
1588809649250, 9169666, 13, 0
1588809649500, 9171376, 13, 0
1588809649750, 9173249, 13, 0
1588809650000, 9174540, 13, 0
1588809650250, 9176768, 13, 0
1588809650500, 9178374, 13, 0
1588809650750, 9179683, 13, 0
1588809651000, 9180160, 13, 0
1588809651250, 9181132, 13, 0
1588809651500, 9181761, 13, 0
1588809651750, 9183931, 13, 0
1588809652000, 9186447, 13, 0
1588809652250, 9188965, 13, 0
1588809652500, 9189311, 13, 0
1588809652750, 9190261, 13, 0
1588809653000, 9191707, 13, 0
1588809653250, 9194392, 13, 0
1588809653500, 9195866, 13, 0
1588809653750, 9198260, 13, 0
1588809654000, 9200605, 13, 0
1588809654250, 9202248, 13, 0
1588809654500, 9204197, 13, 0
1588809654750, 9206105, 13, 0
1588809655000, 9206849, 13, 0
1588809655250, 9209517, 13, 0
1588809655500, 9210191, 13, 0
1588809655750, 9211478, 13, 0
1588809656000, 9214050, 13, 0
1588809656250, 9216746, 13, 0
1588809656500, 9218448, 13, 0
1588809656750, 9220197, 13, 0
1588809657000, 9221515, 13, 0
1588809657250, 9224266, 13, 0
1588809657500, 9224816, 13, 0
1588809657750, 9227183, 13, 0
1588809658000, 9229512, 13, 0
1588809658250, 9230976, 13, 0
1588809658500, 9231987, 13, 0
1588809658750, 9234521, 13, 0
1588809659000, 9236241, 13, 0
1588809659250, 9237594, 13, 0
1588809659500, 9239166, 13, 0
1588809659750, 9240698, 13, 0
1588809660000, 9241422, 13, 0
1588809660250, 9242585, 13, 0
1588809660500, 9244306, 13, 0
1588809660750, 9246141, 13, 0
1588809661000, 9247246, 13, 0
1588809661250, 9250090, 13, 0
1588809661500, 9251125, 13, 0
1588809661750, 9253773, 13, 0
1588809662000, 9255485, 13, 0
1588809662250, 9258087, 13, 0
1588809662500, 9259852, 13, 0
1588809662750, 9261474, 13, 0
1588809663000, 9263501, 13, 0
1588809663250, 9265090, 13, 0
1588809663500, 9267577, 13, 0
1588809663750, 9269345, 13, 0
1588809664000, 9270792, 13, 0
1588809664250, 9272136, 13, 0
1588809664500, 9274762, 13, 0
1588809664750, 9277065, 13, 0
1588809665000, 9277852, 13, 0
1588809665250, 9280551, 13, 0
1588809665500, 9281898, 13, 0
1588809665750, 9284519, 13, 0
1588809666000, 9285778, 13, 0
1588809666250, 9287626, 13, 0
1588809666500, 9289425, 13, 0
1588809666750, 9291440, 13, 0
1588809667000, 9293668, 13, 0
1588809667250, 9296058, 13, 0
1588809667500, 9299052, 13, 0
1588809667750, 9301442, 13, 0
1588809668000, 9304425, 13, 0
1588809668250, 9306160, 13, 0
1588809668500, 9309363, 13, 0
1588809668750, 9312419, 13, 0
1588809669000, 9313558, 13, 0
1588809669250, 9314783, 13, 0
1588809669500, 9317029, 13, 0
1588809669750, 9318815, 13, 0
1588809670000, 9321567, 13, 0
1588809670250, 9324495, 13, 0
1588809670500, 9326813, 13, 0
1588809670750, 9328527, 13, 0
1588809671000, 9329972, 13, 0
1588809671250, 9331695, 13, 0
1588809671500, 9334051, 13, 0
1588809671750, 9336245, 13, 0
1588809672000, 9338168, 13, 0
1588809672250, 9339597, 13, 0
1588809672500, 9342933, 13, 0
1588809672750, 9344909, 13, 0
1588809673000, 9347859, 13, 0
1588809673250, 9349390, 13, 0
1588809673500, 9352792, 13, 0
1588809673750, 9355795, 13, 0
1588809674000, 9357960, 13, 0
1588809674250, 9359537, 13, 0
1588809674500, 9361358, 13, 0
1588809674750, 9362545, 13, 0
1588809675000, 9365697, 13, 0
1588809675250, 9367289, 13, 0
1588809675500, 9370035, 13, 0
1588809675750, 9372492, 13, 0
1588809676000, 9374533, 13, 0
1588809676250, 9376786, 13, 0
1588809676500, 9378595, 13, 0
1588809676750, 9380463, 13, 0
1588809677000, 9383054, 13, 0
1588809677250, 9386213, 13, 0
1588809677500, 9388527, 13, 0
1588809677750, 9390120, 13, 0
1588809678000, 9392885, 13, 0
1588809678250, 9394184, 13, 0
1588809678500, 9396114, 13, 0
1588809678750, 9399374, 13, 0
1588809679000, 9401436, 13, 0
1588809679250, 9404753, 13, 0
1588809679500, 9406391, 13, 0
1588809679750, 9408953, 13, 0
1588809680000, 9412266, 13, 0
1588809680250, 9415798, 13, 0
1588809680500, 9419320, 13, 0
1588809680750, 9422157, 13, 0
1588809681000, 9423784, 13, 0
1588809681250, 9426826, 13, 0
1588809681500, 9429211, 13, 0
1588809681750, 9431940, 13, 0
1588809682000, 9435486, 13, 0
1588809682250, 9438611, 13, 0
1588809682500, 9440998, 13, 0
1588809682750, 9444193, 13, 0
1588809683000, 9447363, 13, 0
1588809683250, 9448974, 13, 0
1588809683500, 9450659, 13, 0
1588809683750, 9452329, 13, 0
1588809684000, 9455043, 13, 0
1588809684250, 9457378, 13, 0
1588809684500, 9459311, 13, 0
1588809684750, 9463001, 13, 0
1588809685000, 9464906, 13, 0
1588809685250, 9467954, 13, 0
1588809685500, 9469628, 13, 0
1588809685750, 9472643, 13, 0
1588809686000, 9475326, 13, 0
1588809686250, 9477691, 13, 0
1588809686500, 9480317, 13, 0
1588809686750, 9483368, 13, 0
1588809687000, 9487346, 13, 0
1588809687250, 9489896, 13, 0
1588809687500, 9491819, 13, 0
1588809687750, 9495412, 13, 0
1588809688000, 9497785, 13, 0
1588809688250, 9501477, 13, 0
1588809688500, 9504178, 13, 0
1588809688750, 9506404, 13, 0
1588809689000, 9509390, 13, 0
1588809689250, 9513119, 13, 0
1588809689500, 9516705, 13, 0
1588809689750, 9519458, 13, 0
1588809690000, 9522522, 13, 0
1588809690250, 9524697, 13, 0
1588809690500, 9528801, 13, 0
1588809690750, 9530779, 13, 0
1588809691000, 9532700, 13, 0
1588809691250, 9534650, 13, 0
1588809691500, 9536849, 13, 0
1588809691750, 9539589, 13, 0
1588809692000, 9542403, 13, 0
1588809692250, 9544618, 13, 0
1588809692500, 9547156, 13, 0
1588809692750, 9549937, 13, 0
1588809693000, 9553252, 13, 0
1588809693250, 9555506, 13, 0
1588809693500, 9559769, 13, 0
1588809693750, 9563787, 13, 0
1588809694000, 9566416, 13, 0
1588809694250, 9568904, 13, 0
1588809694500, 9571997, 13, 0
1588809694750, 9574619, 13, 0
1588809695000, 9577625, 13, 0
1588809695250, 9581035, 13, 0
1588809695500, 9585197, 13, 0
1588809695750, 9588948, 13, 0
1588809696000, 9592011, 13, 0
1588809696250, 9594824, 13, 0
1588809696500, 9599142, 13, 0
1588809696750, 9603521, 13, 0
1588809697000, 9607945, 13, 0
1588809697250, 9611320, 13, 0
1588809697500, 9613912, 13, 0
1588809697750, 9616850, 13, 0
1588809698000, 9620240, 13, 0
1588809698250, 9622800, 13, 0
1588809698500, 9625970, 13, 0
1588809698750, 9629088, 13, 0
1588809699000, 9631830, 13, 0
1588809699250, 9634984, 13, 0
1588809699500, 9639052, 13, 0
1588809699750, 9642371, 13, 0
1588809700000, 9645927, 13, 0
1588809700250, 9650274, 13, 0
1588809700500, 9654541, 13, 0
1588809700750, 9659131, 13, 0
1588809701000, 9661475, 13, 0
1588809701250, 9665301, 13, 0
1588809701500, 9669631, 13, 0
1588809701750, 9672281, 13, 0
1588809702000, 9676695, 13, 0
1588809702250, 9679806, 13, 0
1588809702500, 9683155, 13, 0
1588809702750, 9685805, 13, 0
1588809703000, 9689946, 13, 0
1588809703250, 9693100, 13, 0
1588809703500, 9697534, 13, 0
1588809703750, 9699923, 13, 0
1588809704000, 9703464, 13, 0
1588809704250, 9707378, 13, 0
1588809704500, 9711697, 13, 0
1588809704750, 9715237, 13, 0
1588809705000, 9720056, 13, 0
1588809705250, 9722520, 13, 0
1588809705500, 9726504, 13, 0
1588809705750, 9730242, 13, 0
1588809706000, 9733185, 13, 0
1588809706250, 9735846, 13, 0
1588809706500, 9740162, 13, 0
1588809706750, 9743732, 13, 0
1588809707000, 9746984, 13, 0
1588809707250, 9750393, 13, 0
1588809707500, 9755131, 13, 0
1588809707750, 9759342, 13, 0
1588809708000, 9762525, 13, 0
1588809708250, 9766508, 13, 0
1588809708500, 9770712, 13, 0
1588809708750, 9773595, 13, 0
1588809709000, 9776784, 13, 0
1588809709250, 9780251, 13, 0
1588809709500, 9783540, 13, 0
1588809709750, 9788452, 13, 0
1588809710000, 9792763, 13, 0
1588809710250, 9796686, 13, 0
1588809710500, 9799557, 13, 0
1588809710750, 9802869, 13, 0
1588809711000, 9807196, 13, 0
1588809711250, 9811738, 13, 0
1588809711500, 9815101, 13, 0
1588809711750, 9818218, 13, 0
1588809712000, 9821476, 13, 0
1588809712250, 9826348, 13, 0
1588809712500, 9830183, 13, 0
1588809712750, 9833461, 13, 0
1588809713000, 9838387, 13, 0
1588809713250, 9841383, 13, 0
1588809713500, 9845529, 13, 0
1588809713750, 9850516, 13, 0
1588809714000, 9855681, 13, 0
1588809714250, 9859274, 13, 0
1588809714500, 9862511, 13, 0
1588809714750, 9866033, 13, 0
1588809715000, 9870528, 13, 0
1588809715250, 9875550, 13, 0
1588809715500, 9880753, 13, 0
1588809715750, 9885452, 13, 0
1588809716000, 9889501, 13, 0
1588809716250, 9893504, 13, 0
1588809716500, 9898071, 13, 0
1588809716750, 9902281, 13, 0
1588809717000, 9907146, 13, 0
1588809717250, 9912385, 13, 0
1588809717500, 9916041, 13, 0
1588809717750, 9920174, 13, 0
1588809718000, 9923846, 13, 0
1588809718250, 9927270, 13, 0
1588809718500, 9931600, 13, 0
1588809718750, 9936907, 13, 0
1588809719000, 9942170, 13, 0
1588809719250, 9946711, 13, 0
1588809719500, 9950006, 13, 0
1588809719750, 9955350, 13, 0
1588809720000, 9959608, 13, 0
1588809720250, 9963971, 13, 0
1588809720500, 9967413, 13, 0
1588809720750, 9970968, 13, 0
1588809721000, 9975087, 13, 0
1588809721250, 9979422, 13, 0
1588809721500, 9982734, 13, 0
1588809721750, 9986776, 13, 0
1588809722000, 9991412, 13, 0
1588809722250, 9997058, 13, 0
1588809722500, 10001305, 13, 1
1588809722750, 10004706, 13, 1
1588809723000, 10010067, 13, 1
1588809723250, 10014196, 13, 1
1588809723500, 10019364, 13, 1
1588809723750, 10023428, 13, 1
1588809724000, 10028166, 13, 1
1588809724250, 10032529, 13, 1
1588809724500, 10037383, 13, 1
1588809724750, 10041589, 13, 1
1588809725000, 10045344, 13, 1
1588809725250, 10050832, 13, 1
1588809725500, 10055699, 13, 1
1588809725750, 10060077, 13, 1
1588809726000, 10065927, 13, 1
1588809726250, 10069649, 13, 1
1588809726500, 10073846, 13, 1
1588809726750, 10079022, 13, 1
1588809727000, 10083734, 13, 1
1588809727250, 10087662, 13, 1
1588809727500, 10092640, 13, 1
1588809727750, 10098457, 13, 1
1588809728000, 10103146, 13, 1
1588809728250, 10107950, 13, 1
1588809728500, 10113694, 13, 1
1588809728750, 10119297, 13, 1
1588809729000, 10125217, 13, 1
1588809729250, 10130604, 13, 1
1588809729500, 10136566, 13, 1
1588809729750, 10141461, 13, 1
1588809730000, 10146820, 13, 1
1588809730250, 10151341, 13, 1
1588809730500, 10156337, 13, 1
1588809730750, 10161343, 13, 1
1588809731000, 10166230, 13, 1
1588809731250, 10170653, 13, 1
1588809731500, 10175933, 13, 1
1588809731750, 10179790, 13, 1
1588809732000, 10184759, 13, 1
1588809732250, 10189098, 13, 1
1588809732500, 10193316, 13, 1
1588809732750, 10198182, 13, 1
1588809733000, 10204138, 13, 1
1588809733250, 10209775, 13, 1
1588809733500, 10215557, 13, 1
1588809733750, 10221051, 13, 1
1588809734000, 10226484, 13, 1
1588809734250, 10232525, 13, 1
1588809734500, 10237276, 13, 1
1588809734750, 10241489, 13, 1
1588809735000, 10247913, 13, 1
1588809735250, 10254084, 13, 1
1588809735500, 10260107, 13, 1
1588809735750, 10265233, 13, 1
1588809736000, 10270207, 13, 1
1588809736250, 10275958, 13, 1
1588809736500, 10280222, 13, 1
1588809736750, 10284637, 13, 1
1588809737000, 10289282, 13, 1
1588809737250, 10295838, 13, 1
1588809737500, 10301464, 13, 1
1588809737750, 10307770, 13, 1
1588809738000, 10312298, 13, 1
1588809738250, 10316793, 13, 1
1588809738500, 10321964, 13, 1
1588809738750, 10327189, 13, 1
1588809739000, 10331904, 13, 1
1588809739250, 10338138, 13, 1
1588809739500, 10342987, 13, 1
1588809739750, 10348425, 13, 1
1588809740000, 10354738, 13, 1
1588809740250, 10359968, 13, 1
1588809740500, 10366420, 13, 1
1588809740750, 10372421, 13, 1
1588809741000, 10377006, 13, 1
1588809741250, 10382509, 13, 1
1588809741500, 10387693, 13, 1
1588809741750, 10393787, 13, 1
1588809742000, 10398991, 13, 1
1588809742250, 10404538, 13, 1
1588809742500, 10410442, 13, 1
1588809742750, 10415687, 13, 1
1588809743000, 10420572, 13, 1
1588809743250, 10426087, 13, 1
1588809743500, 10431997, 13, 1
1588809743750, 10437380, 13, 1
1588809744000, 10444156, 13, 1
1588809744250, 10450262, 13, 1
1588809744500, 10455978, 13, 1
1588809744750, 10460901, 13, 1
1588809745000, 10466613, 13, 1
1588809745250, 10471427, 13, 1
1588809745500, 10476115, 13, 1
1588809745750, 10482199, 13, 1
1588809746000, 10486902, 13, 1
1588809746250, 10492140, 13, 1
1588809746500, 10498813, 13, 1
1588809746750, 10503582, 13, 1
1588809747000, 10510389, 13, 1
1588809747250, 10515267, 13, 1
1588809747500, 10521215, 13, 1
1588809747750, 10527660, 13, 1
1588809748000, 10533044, 13, 1
1588809748250, 10538739, 13, 1
1588809748500, 10544030, 13, 1
1588809748750, 10549665, 13, 1
1588809749000, 10556515, 13, 1
1588809749250, 10562192, 13, 1
1588809749500, 10569107, 13, 1
1588809749750, 10574367, 13, 1
1588809750000, 10581182, 13, 1
1588809750250, 10586741, 13, 1
1588809750500, 10592373, 13, 1
1588809750750, 10599620, 13, 1
1588809751000, 10606227, 13, 1
1588809751250, 10612850, 13, 1
1588809751500, 10618582, 13, 1
1588809751750, 10624616, 13, 1
1588809752000, 10629980, 13, 1
1588809752250, 10636884, 13, 1
1588809752500, 10643283, 13, 1
1588809752750, 10649786, 13, 1
1588809753000, 10656480, 13, 1
1588809753250, 10662527, 13, 1
1588809753500, 10670060, 13, 1
1588809753750, 10676824, 13, 1
1588809754000, 10683023, 13, 1
1588809754250, 10689727, 13, 1
1588809754500, 10696579, 13, 1
1588809754750, 10702488, 13, 1
1588809755000, 10709359, 13, 1
1588809755250, 10716996, 13, 1
1588809755500, 10724608, 13, 1
1588809755750, 10732105, 13, 1
1588809756000, 10738263, 13, 1
1588809756250, 10745942, 13, 1
1588809756500, 10751433, 13, 1
1588809756750, 10759187, 13, 1
1588809757000, 10765307, 13, 1
1588809757250, 10772427, 13, 1
1588809757500, 10780138, 13, 1
1588809757750, 10785790, 13, 1
1588809758000, 10793573, 13, 1
1588809758250, 10799166, 13, 1
1588809758500, 10806701, 13, 1
1588809758750, 10813310, 13, 1
1588809759000, 10820567, 13, 1
1588809759250, 10826458, 13, 1
1588809759500, 10834109, 13, 1
1588809759750, 10841723, 13, 1
1588809760000, 10849060, 13, 1
1588809760250, 10855670, 13, 1
1588809760500, 10861896, 13, 1
1588809760750, 10868019, 13, 1
1588809761000, 10875590, 13, 1
1588809761250, 10881409, 13, 1
1588809761500, 10888742, 13, 1
1588809761750, 10894542, 13, 1
1588809762000, 10901916, 13, 1
1588809762250, 10908534, 13, 1
1588809762500, 10915060, 13, 1
1588809762750, 10921270, 13, 1
1588809763000, 10927474, 13, 1
1588809763250, 10933546, 13, 1
1588809763500, 10939607, 13, 1
1588809763750, 10946708, 13, 1
1588809764000, 10952781, 13, 1
1588809764250, 10961005, 13, 1
1588809764500, 10968148, 13, 1
1588809764750, 10975014, 13, 1
1588809765000, 10982615, 13, 1
1588809765250, 10989274, 13, 1
1588809765500, 10995982, 13, 1
1588809765750, 11003138, 13, 1
1588809766000, 11009984, 13, 1
1588809766250, 11016403, 13, 1
1588809766500, 11024728, 13, 1
1588809766750, 11032939, 13, 1
1588809767000, 11039340, 13, 1
1588809767250, 11047426, 13, 1
1588809767500, 11055345, 13, 1
1588809767750, 11063125, 13, 1
1588809768000, 11069447, 13, 1
1588809768250, 11077601, 13, 1
1588809768500, 11085934, 13, 1
1588809768750, 11093803, 13, 1
1588809769000, 11102173, 13, 1
1588809769250, 11109818, 13, 1
1588809769500, 11117850, 13, 1
1588809769750, 11125104, 13, 1
1588809770000, 11133261, 13, 1
1588809770250, 11139732, 13, 1
1588809770500, 11147493, 13, 1
1588809770750, 11156134, 13, 1
1588809771000, 11162505, 13, 1
1588809771250, 11170138, 13, 1
1588809771500, 11177273, 13, 1
1588809771750, 11183931, 13, 1
1588809772000, 11191584, 13, 1
1588809772250, 11199606, 13, 1
1588809772500, 11206857, 13, 1
1588809772750, 11213420, 13, 1
1588809773000, 11222232, 13, 1
1588809773250, 11230303, 13, 1
1588809773500, 11238118, 13, 1
1588809773750, 11245017, 13, 1
1588809774000, 11253133, 13, 1
1588809774250, 11260917, 13, 1
1588809774500, 11267654, 13, 1
1588809774750, 11276182, 13, 1
1588809775000, 11283208, 13, 1
1588809775250, 11291405, 13, 1
1588809775500, 11298837, 13, 1
1588809775750, 11306128, 13, 1
1588809776000, 11314004, 13, 1
1588809776250, 11320841, 13, 1
1588809776500, 11329895, 13, 1
1588809776750, 11337180, 13, 1
1588809777000, 11345519, 13, 1
1588809777250, 11354044, 13, 1
1588809777500, 11361970, 13, 1
1588809777750, 11369436, 13, 1
1588809778000, 11377786, 13, 1
1588809778250, 11384845, 13, 1
1588809778500, 11391871, 13, 1
1588809778750, 11400330, 13, 1
1588809779000, 11408742, 13, 1
1588809779250, 11416170, 13, 1
1588809779500, 11424536, 13, 1
1588809779750, 11433833, 13, 1
1588809780000, 11442935, 13, 1
1588809780250, 11452185, 13, 1
1588809780500, 11459260, 13, 1
1588809780750, 11467935, 13, 1
1588809781000, 11476436, 13, 1
1588809781250, 11484889, 13, 1
1588809781500, 11494009, 13, 1
1588809781750, 11501318, 13, 1
1588809782000, 11510630, 13, 1
1588809782250, 11519981, 13, 1
1588809782500, 11529294, 13, 1
1588809782750, 11536690, 13, 1
1588809783000, 11545278, 13, 1
1588809783250, 11552609, 13, 1
1588809783500, 11560702, 13, 1
1588809783750, 11570118, 13, 1
1588809784000, 11577656, 13, 1
1588809784250, 11585319, 13, 1
1588809784500, 11594919, 13, 1
1588809784750, 11603677, 13, 1
1588809785000, 11612729, 13, 1
1588809785250, 11621135, 13, 1
1588809785500, 11630624, 13, 1
1588809785750, 11638870, 13, 1
1588809786000, 11647127, 13, 1
1588809786250, 11656415, 13, 1
1588809786500, 11665877, 13, 1
1588809786750, 11675721, 13, 1
1588809787000, 11683192, 13, 1
1588809787250, 11691757, 13, 1
1588809787500, 11701616, 13, 1
1588809787750, 11711291, 13, 1
1588809788000, 11719790, 13, 1
1588809788250, 11729355, 13, 1
1588809788500, 11737916, 13, 1
1588809788750, 11747510, 13, 1
1588809789000, 11756140, 13, 1
1588809789250, 11764415, 13, 1
1588809789500, 11774294, 13, 1
1588809789750, 11782357, 13, 1
1588809790000, 11790085, 13, 1
1588809790250, 11799362, 13, 1
1588809790500, 11807725, 13, 1
1588809790750, 11816490, 13, 1
1588809791000, 11825965, 13, 1
1588809791250, 11834834, 13, 1
1588809791500, 11843445, 13, 1
1588809791750, 11853270, 13, 1
1588809792000, 11862596, 13, 1
1588809792250, 11870745, 13, 1
1588809792500, 11879248, 13, 1
1588809792750, 11887963, 13, 1
1588809793000, 11896802, 13, 1
1588809793250, 11905094, 13, 1
1588809793500, 11914302, 13, 1
1588809793750, 11924063, 13, 1
1588809794000, 11933853, 13, 1
1588809794250, 11942750, 13, 1
1588809794500, 11952563, 13, 1
1588809794750, 11962416, 13, 1
1588809795000, 11972450, 13, 1
1588809795250, 11981838, 13, 1
1588809795500, 11991064, 13, 1
1588809795750, 11999712, 13, 1
1588809796000, 12008326, 13, 1
1588809796250, 12018593, 13, 1
1588809796500, 12028859, 13, 1
1588809796750, 12038546, 13, 1
1588809797000, 12049074, 13, 1
1588809797250, 12059222, 13, 1
1588809797500, 12068921, 13, 1
1588809797750, 12079544, 13, 1
1588809798000, 12088916, 13, 1
1588809798250, 12099306, 13, 1
1588809798500, 12108603, 13, 1
1588809798750, 12119304, 13, 1
1588809799000, 12127998, 13, 1
1588809799250, 12137723, 13, 1
1588809799500, 12147646, 13, 1
1588809799750, 12157445, 13, 1
1588809800000, 12167078, 13, 1
1588809800250, 12177682, 13, 1
1588809800500, 12187918, 13, 1
1588809800750, 12198530, 13, 1
1588809801000, 12209110, 13, 1
1588809801250, 12218255, 13, 1
1588809801500, 12228310, 13, 1
1588809801750, 12238344, 13, 1
1588809802000, 12247993, 13, 1
1588809802250, 12257048, 13, 1
1588809802500, 12266539, 13, 1
1588809802750, 12275808, 13, 1
1588809803000, 12285783, 13, 1
1588809803250, 12296012, 13, 1
1588809803500, 12305422, 13, 1
1588809803750, 12315922, 13, 1